prompt,n_dim,depth,final_index,sigma_max,sigma_2,spectral_gap,stable_rank,participation_ratio_topk,topk_mass_fraction,frobenius_sq_est,lambda_max,lambda_bulk_pred,conv_residual,n_iter_subspace,rand_mean,rand_mean_sq,rand_rms,rand_p50,rand_p90,rand_p99,rand_max,n_probes,leading_over_rms,entropy,top1_prob,anisotropy_identity_relerr,fd_lead_growth_eps_1e-4,fd_lead_relerr_eps_1e-4,fd_lead_growth_eps_1e-3,fd_lead_relerr_eps_1e-3,fd_lead_growth_eps_1e-2,fd_lead_relerr_eps_1e-2,chi_fisher_max,chi_fisher_2,fisher_conv_residual,chi_fisher_along_hidden_lead,lead_alignment,label,prompt_idx,wall_s
What is photosynthesis?,30464,23,-2,1043.0637943624986,612.1693100235291,0.5868953685595761,2.8058520847801782,2.0650338269823325,0.5461720252597528,3052716.784873965,0.30217033119252223,0.1001574252967376,0.0017507589489490312,8,9.780550122261047,100.20735244465484,10.010362253417947,9.107518672943115,12.107367992401123,14.589218425750731,15.001517295837402,16,104.19840640694594,0.11380977183580399,0.9874078035354614,1.9970285354775437e-13,1048.4488308429718,0.005162710573962974,1094.8084592819214,0.04960834150230298,1402.9409408569336,0.34501930604770437,113.14264270023996,30.984416606831797,0.06383146555270434,61.250198834590265,0.6174955672875737,factual,0,33.19550633430481
What is evaporation?,30464,23,-2,1030.0087866795202,551.7481053472478,0.5356732024839704,2.6912138518022375,1.989248754186246,0.5500181710881356,2855157.488062061,0.3016227222584396,0.09870297009028597,0.001098698408913324,8,9.44765055179596,93.72234401464223,9.681030111235179,8.767816066741943,12.483777046203613,13.227212142944335,13.339168548583984,16,106.39454426281063,0.18949449062347412,0.9722843766212463,2.0648788670726318e-13,1034.7948968410492,0.004646669255082923,1086.8995189666748,0.05523324948572084,1350.9632110595703,0.31160357904782854,290.9872504303605,66.19708537653773,2.925162498790829e-05,134.04116300059468,0.5682434933386358,factual,1,35.7508590221405
Main language of Estonia?,30464,23,-2,606.3484305451727,450.43735899610726,0.7428688462030233,6.033302924407839,3.009992572400326,0.34641026885313814,2218194.615890907,0.2785849908145623,0.09321528802861638,0.002089315111802852,8,8.372127294540405,72.81363628843576,8.533090664491722,8.002001285552979,9.669114589691162,13.095389080047607,13.625107765197754,16,71.05847744806766,1.8402369022369385,0.4214540421962738,2.3433959474027273e-13,604.182630777359,0.0035718732971180152,589.3262624740601,0.028073245041317047,469.1603660583496,0.22625285656874877,1716.176362324035,1159.0771778487308,0.055549457998230675,506.1316231015125,0.26387359852299475,factual,2,36.38139295578003
What is respiration?,30464,23,-2,917.2332375669729,598.0378327324019,0.652001920818678,3.1083971057309703,2.452345945332817,0.560033397108233,2615146.743726958,0.2965809473220506,0.09679412679268705,0.0053813275756484985,8,9.084446102380753,85.84384006456663,9.265195090475247,8.737537384033203,11.282133102416992,12.984917593002319,13.249391555786133,16,98.99772520816133,0.13936443626880646,0.983548104763031,2.154824764413719e-13,919.4382280111313,0.0024039582887415757,951.7813920974731,0.03766561558774482,1228.5879135131836,0.3394498402304969,200.31434628645016,65.53822693832804,1.1371422492943476e-05,83.86227200602661,0.4884930106952179,factual,3,38.096126079559326
Is Mars a planet?,30464,23,-2,784.9070831442041,509.35230624468664,0.6489332523339035,3.0282755906912735,2.465558001692388,0.5751818010080697,1865657.388799673,0.28980718892849017,0.08945267605765167,0.03248669419748063,8,7.783862292766571,61.24137962183801,7.82568716611123,7.836071491241455,8.56415605545044,9.336841201782226,9.45291519165039,16,100.29880654354636,0.8954216837882996,0.8115338683128357,2.5549405562026895e-13,780.3291827440262,0.0058324106107433766,743.4152960777283,0.05286203673977144,507.18445777893066,0.35382866498383925,568.3208672810631,239.58941751601296,4.270896541946952e-06,116.02133188660264,0.27041038674098067,factual,4,38.1248779296875
Chemical symbol for calcium?,31360,23,-2,642.1792131810435,514.6716172078003,0.8014454635776307,5.029233969736571,3.0469545856315303,0.43350228686418735,2074026.627071263,0.2810811918692354,0.09112421808120874,0.001997468374818893,8,8.03424534201622,66.13605315916017,8.132407586881031,7.562898397445679,10.171217918395996,10.371866130828858,10.376723289489746,16,78.96544858584187,0.4092070460319519,0.9287059307098389,2.4591415628117673e-13,643.2203948497772,0.0016213257099622726,644.7268724441528,0.003967209169679461,656.0965061187744,0.021671976688238538,323.2861959463676,192.25397756705522,2.1453087347729694e-06,76.97080829271147,0.4234331427363325,factual,5,36.964680194854736
Symbol of the element tin?,31360,23,-2,995.7464573128728,456.14053798878757,0.4580890392718349,3.169047023514657,2.11183920410392,0.47969548837526105,3142145.006311235,0.30015185496728763,0.10015495159188757,0.006893070176179643,8,9.791639387607574,100.19595045635316,10.009792727941631,8.906644344329834,12.95313024520874,14.48976821899414,14.608719825744629,16,99.4772303859217,1.0809909105300903,0.7959197163581848,1.9999157191207844e-13,996.3622689247131,0.0006184421820612027,1001.6524791717529,0.005931250686864706,1034.867763519287,0.03928842118302605,1011.3059590540182,415.4827431763391,0.03981886649809533,358.89378909646996,0.40887136606464675,factual,6,38.081538677215576
Chemical symbol for nitrogen?,31360,23,-2,633.014085027158,503.3841070591164,0.7952178616017984,4.775675174881029,2.9528071417414323,0.44373113912068085,1913645.6692367438,0.28045620317932,0.08937461377396064,0.007863203151764118,8,7.702625274658203,61.02186445270229,7.811649278654431,7.527484178543091,9.433945178985596,10.318484735488891,10.410311698913574,16,81.0346269329842,0.5796408653259277,0.8744567632675171,2.562303841692039e-13,632.7398121356964,0.00043328086680695377,636.1035704612732,0.0048805950881529786,650.7409572601318,0.02800391437137341,367.41705642887905,302.8330201558251,4.0043601269031215e-06,80.36181911089064,0.2945511351170158,factual,7,38.76343488693237
Symbol of the element iron?,31360,23,-2,891.8961301917478,511.6066195549526,0.5736168172912267,3.5716828324965304,2.4215022462579445,0.4724419846470572,2841197.641590648,0.29536302955766414,0.09796625546882658,0.017131441292866194,8,9.30896469950676,90.59941459153852,9.518372475982357,9.366249561309814,12.143681049346924,12.809040355682374,12.866460800170898,16,93.70258754237338,1.1883248090744019,0.49684223532676697,2.1027761554580013e-13,892.4433588981628,0.0006135565430666949,898.4365463256836,0.00733315899972527,941.807746887207,0.05596124369855568,1651.2697215648182,456.32627710123904,0.11873672853178348,499.8633347279649,0.467185996983023,factual,8,38.502655029296875
Chemical symbol for lead?,31360,23,-2,627.079690758135,473.2648772950625,0.7547124939142706,4.16667403716954,3.0408554706962945,0.5090041206796633,1638456.8089671808,0.28004667961106156,0.08599949809138638,0.005927208058612325,8,7.1778362691402435,52.24670946961673,7.228188533070837,7.027693271636963,8.304654598236084,8.854253435134888,8.9178466796875,16,86.75475022393178,0.7939571738243103,0.7894818186759949,2.7660462571175236e-13,627.1412223577499,9.812405109232274e-05,626.7106533050537,0.0005885016825136761,611.821699142456,0.024331822319476084,454.0350759499828,260.28740865564527,3.198883655589141e-06,81.91271847555242,0.05679787269650996,factual,9,39.34181332588196
Symbol of the element chlorine?,31360,23,-2,845.9003739025337,474.9040021331399,0.5614183617654467,3.199505593674141,2.3403689140088058,0.5139135191909382,2289398.04503697,0.2930609387533605,0.0932719783496182,0.0020772499827148524,8,8.430830955505371,73.00376419122992,8.544224025107834,8.078731775283813,10.558478355407715,11.35974669456482,11.431534767150879,16,99.00259771006635,1.2609341144561768,0.7511612176895142,2.340195152690268e-13,846.1272716522217,0.0002682322371382562,850.0874638557434,0.004949861806884758,871.8558311462402,0.030683822876164286,869.925457782597,472.45995529633217,0.0018739987986176525,261.5094836471626,0.29366644763869687,factual,10,40.87571978569031
Chemical symbol for zinc?,31360,23,-2,662.1653636227157,517.6296506679716,0.7817226316943127,4.268051291365367,2.971086434628372,0.4946448401140308,1871382.4401242149,0.28241370951024797,0.08888911987027413,0.012557218058436853,8,7.65539938211441,59.67418495294052,7.7249067925082775,7.2788379192352295,9.343884944915771,9.571210956573486,9.581857681274414,16,85.71823342448704,0.6345533728599548,0.8483116030693054,2.5894971033590463e-13,663.052424788475,0.001339636916232173,665.9682989120483,0.005743180628667555,689.3596172332764,0.04106867423838125,504.49137812189775,228.61832300239408,1.0985828466664677e-05,83.05666742929509,0.25767059527013525,factual,11,40.46375513076782
Symbol of the element silver?,31360,23,-2,939.7708483109735,516.4133630393943,0.5495098767614791,2.9522488492675194,2.27198119798443,0.5463940056601582,2607335.3941535894,0.297636350745769,0.09609893177301525,0.02269930626951859,8,8.974808245897293,83.14207251765272,9.118227487711234,8.306780815124512,11.364174365997314,11.734049987792968,11.75887680053711,16,103.06508031055522,1.2868784666061401,0.6174052953720093,2.193593784243776e-13,939.9351477622986,0.00017482926994421595,950.9828686714172,0.011930589654483096,1043.2441711425781,0.11010484419427831,1519.8299263405333,435.03159990977395,1.9785931723430003e-06,147.1822755748242,0.013769729670912879,factual,12,39.29694890975952
Define erosion in one sentence.,31360,23,-2,1105.2982301266234,626.2093411976812,0.5665523784706883,2.752462358929488,2.3808377760808344,0.6056303685543524,3362639.7131264093,0.30469002039369547,0.101629312563845,0.006465451627130493,8,10.284469246864319,107.22703166857173,10.355048607735828,10.039535522460938,11.980888366699219,12.318234920501709,12.351275444030762,16,106.7400330019498,0.43715494871139526,0.9414984583854675,1.9301977475267907e-13,1101.672202348709,0.0032805876993930025,1060.6956481933594,0.04035343649121221,774.226713180542,0.2995313915486442,411.3798519357428,120.21233757211421,0.004274057881062566,121.92900096976314,0.23741619796196567,factual,13,37.479525089263916
Chemical symbol for hydrogen?,31360,23,-2,640.0234919748475,501.6772303576166,0.7838419005678176,4.674261275641987,3.000687695267263,0.45640113697079493,1914717.9748468031,0.2809349948648157,0.0893867918188382,0.0182197712886377,8,7.688425660133362,61.05605787139041,7.813837589263704,7.411302804946899,9.488747119903564,10.48599352836609,10.545660018920898,16,81.908983218971,0.6448436975479126,0.8518825769424438,2.562116704292317e-13,640.5717879533768,0.000856681020937923,638.871431350708,0.001800028652986956,614.4535064697266,0.03995163587858706,595.2255057757772,402.2183579165171,2.314207310759745e-06,267.6581015388323,0.5773286644395561,factual,14,38.02579998970032
Define magnetism in one sentence.,32256,23,-2,760.1654103868741,506.3295878421486,0.6660781731497879,4.739420767226338,2.946151803579648,0.42163521478393123,2738681.1679457626,0.28841461108021627,0.09655494968460109,0.0033074778192004415,8,9.121654331684113,84.90455009752489,9.214366505491569,9.001544952392578,10.009210586547852,12.501107454299925,12.93592643737793,16,82.49784832562814,0.2415071725845337,0.9655133485794067,2.1715423101305338e-13,760.9988003969193,0.0010963271922896471,758.1623196601868,0.0026350721820766468,718.0707454681396,0.05537566474816446,69.57931549133167,58.10168115040404,0.08754530821279861,17.870702652282176,0.2797452625724271,factual,15,37.883151054382324
Author of Ulysses?,32256,23,-2,1010.3903936844756,525.4082201710312,0.5200051618217433,3.1050283200851565,2.1794929524900715,0.5024356556180014,3169888.473109114,0.3007866114588226,0.09973364373519622,0.026003311648014824,8,9.662367045879364,98.27283212763871,9.913265462381137,9.461795330047607,12.172315120697021,14.098114490509033,14.420135498046875,16,101.92306435438489,1.7027074098587036,0.5804769396781921,2.0171477185520818e-13,1016.4972394704819,0.006044045770998589,1043.4690713882446,0.03273851167878263,1369.4507598876953,0.3553679532659399,1451.0826296652676,825.5569190362196,0.00034050384944235465,1155.9478390503832,0.8107390848938616,factual,16,41.23927092552185
Define refraction in one sentence.,32256,23,-2,789.6207503540624,517.4380271084129,0.6552994293480705,4.454928809260194,2.8256504183815014,0.43203088101578796,2777652.252938736,0.2900675116239588,0.09686211443700263,0.03310133299735101,8,9.122201949357986,86.1127310558884,9.279694556174164,8.556558609008789,11.065445899963379,13.55761523246765,13.808897018432617,16,85.09124363674341,1.3032407760620117,0.6799380779266357,2.1567545676733617e-13,790.7257974147797,0.0013994655791679887,793.0371761322021,0.004326666664481503,791.3899421691895,0.002240558919372118,2900.7250022646713,525.7667595223585,0.0025864644800541636,1672.2978833612467,0.7517791867637693,factual,17,41.49660897254944
Define respiration in one sentence.,32256,23,-2,887.8438842471091,729.0470704119167,0.8211433151112452,4.706964233178187,3.2337784843143624,0.494788638791073,3710343.458679192,0.29516504006558475,0.10315599250719659,0.029827497675976464,8,10.54933112859726,115.0280090116317,10.725111142157534,10.369414329528809,12.430861473083496,15.219595193862913,15.659429550170898,16,82.78178869001648,0.21564705669879913,0.9601863026618958,1.866018228641032e-13,888.0148082971573,0.00019251588379536576,893.8456177711487,0.0067598973541716685,914.2598152160645,0.0297529007493879,484.141844048314,33.3077062513726,1.5755085481823773e-06,71.34415443538398,0.3442697183570529,factual,18,42.710307121276855
"What colour is Saturn, briefly?",32256,23,-2,749.728442067881,591.5241569897433,0.7889845493365789,5.924422593469853,3.1646037799266926,0.3798119321796003,3330074.9097929746,0.2878135245096409,0.10080534795012833,0.023927294426068002,8,9.949970662593842,103.2389294950699,10.16065595791285,9.532697677612305,12.789514064788818,14.201099109649657,14.240458488464355,16,73.78740557433584,0.35346081852912903,0.9540266990661621,1.9694705796237991e-13,746.3420182466507,0.004516867216468372,730.6417226791382,0.025458177011530105,612.7959728240967,0.18264275644405414,590.326000939334,62.950570493976215,0.00032483512855338467,88.92348801609724,0.28833925029369467,factual,19,43.29116702079773
Java: sort numbers.,30464,23,-2,599.7389628613013,590.8058863649374,0.9851050589514044,4.834378219756135,3.061488516296497,0.5248697039839256,1738862.145819168,0.27810845646310567,0.08792262131529915,0.00015477325846564144,8,7.446296364068985,57.07924585803467,7.5550807975848056,7.376618146896362,9.183643341064453,9.479381227493286,9.517680168151855,16,79.38220370230128,1.780188798904419,0.42443975806236267,2.645552207350721e-13,599.9455973505974,0.0003445407120295667,604.9247980117798,0.008646820486261794,628.6725044250488,0.04824355820690413,1075.7509563714718,421.4231132387055,0.04040615192339868,515.1472874068675,0.5233212719521367,coding,0,42.46736717224121
Python: count vowels.,30464,23,-2,569.0365752994112,480.24079262465136,0.8439541735466849,5.0286261527690455,3.1898848923279455,0.4634452936154924,1628282.3435248695,0.2758236831314904,0.08649424570869438,0.05516220673256677,8,7.198948830366135,53.44939415457161,7.310909256349145,6.737297058105469,9.374714851379395,9.826429080963134,9.898255348205566,16,77.83389936144462,1.5738575458526611,0.3922539949417114,2.7368390956692886e-13,569.5316568017006,0.0008700345878977918,571.4021921157837,0.004157231571850664,618.2730197906494,0.08652597500491296,924.4566842264383,504.121418792897,0.0006899052468522408,223.44190227352678,0.235956603266737,coding,1,44.11885595321655
Python: trim whitespace.,30464,23,-2,694.117389115215,564.6496198922217,0.8134785682461788,4.6118213670726025,3.1380689562422814,0.4938181540429145,2221970.691653398,0.28446265629494777,0.09325226350931883,0.002032403988344763,8,8.437225848436356,72.9375883552192,8.540350599080766,8.10784912109375,10.26321029663086,10.54954481124878,10.556255340576172,16,81.27504615441016,1.5985071659088135,0.49905234575271606,2.342016969271685e-13,697.1859931945801,0.004420871926687466,725.322961807251,0.04495719770371027,907.7492713928223,0.30777486002752574,1866.4087793084122,459.404599694459,0.0084686719756033,322.3038627131268,0.06003248583706948,coding,2,40.5941698551178
JavaScript: count vowels.,30464,23,-2,624.5845857122042,539.850115969304,0.864334676709513,4.449612604318795,3.220994498253534,0.5358532369043276,1735820.1506136248,0.2798733376473759,0.08788455720364297,0.007679863640782819,8,7.395055174827576,56.97939044818884,7.548469410959339,7.311525583267212,9.005683422088623,11.59291067123413,11.99986743927002,16,82.74320947837592,1.8302572965621948,0.3783852756023407,2.6488697421910077e-13,624.9635294079781,0.0006067131729511662,617.66517162323,0.011078425960647304,543.1991577148438,0.13030329255493517,1275.977298542953,701.7028773579982,9.062490117880667e-05,456.07033521509675,0.024309197440803856,coding,3,39.644466161727905
JavaScript: remove duplicates.,30464,23,-2,732.8664173651092,612.2286586190513,0.835389157031113,3.8258096144538523,3.044470885876806,0.5845775560347228,2054816.2737147165,0.28682449757841105,0.09155208825665623,0.0031776889374041458,8,8.100727438926697,67.45063923695892,8.21283381281753,7.726986885070801,9.82876205444336,11.109519577026367,11.29309368133545,16,89.23429282366054,1.984914779663086,0.3369557559490204,2.437423623830908e-13,735.3664189577103,0.0034112650455308887,764.4851803779602,0.04314396493501583,925.6752014160156,0.2630885786036094,1650.0148370236354,821.3769859498506,0.000211698304284525,528.8715224589841,0.3024379934209191,coding,4,39.36460089683533
Java: find the average.,31360,23,-2,723.8987577052737,534.4922202816196,0.7383521723064354,2.8573163825820984,2.692888647894943,0.6721848378923577,1497317.8221687572,0.28628919761669125,0.08404124940134032,0.04462885924938799,8,6.781624644994736,47.74610402323843,6.909855571807448,6.204169511795044,8.36382269859314,10.124303674697876,10.33272647857666,16,104.76322553813016,1.5616307258605957,0.40693148970603943,2.8937211978566877e-13,726.3370603322983,0.0033682923213652783,742.316722869873,0.025442736250830707,987.4394416809082,0.36405737842546676,1024.945776179432,561.1843534753525,3.2520874244154873e-06,284.3876395073472,0.37172432169110187,coding,5,39.26854205131531
Ruby: check a palindrome.,31360,23,-2,918.72080850995,552.5610398620589,0.6014460919397734,3.8919185281021247,2.66360784367243,0.4663620040817699,3284965.7539796084,0.29665140334660345,0.10112126761769602,0.00010018852385701386,8,10.01647463440895,104.75018348149261,10.234753708882916,9.956594467163086,13.119781970977783,13.956864070892333,14.032855987548828,16,89.7648184452633,1.9025254249572754,0.4113294184207916,1.953821694988131e-13,915.9747511148453,0.0029890009779559076,902.4500846862793,0.017710194079591735,746.3692665100098,0.18759947570957122,1826.7170310809915,756.8214358253308,0.00359294950281923,1489.8848335681291,0.8866899586492104,coding,6,39.40123105049133
Ruby: implement binary search.,31360,23,-2,770.653052957182,573.361177801549,0.743993909582818,3.830575227654458,2.811246079141138,0.5182552144441479,2275002.1015924187,0.28901035983131246,0.09313484912346344,0.006173049135149816,8,8.38184043765068,72.54470987220724,8.517318232413723,8.210628986358643,9.923770904541016,11.895278358459471,12.196887969970703,16,90.48071610431023,1.532650113105774,0.41316813230514526,2.3485137009757656e-13,768.8838243484497,0.0022957524166592807,761.4213824272156,0.011979022848923096,661.6062641143799,0.14149919788725043,1462.2852027912538,468.8814953441772,0.038477678076677395,747.6940513173968,0.6455970444418799,coding,7,38.45231795310974
Go: check a palindrome.,31360,23,-2,836.0105463957419,516.9510400413643,0.6183546873542128,5.470543083723073,2.915708230453907,0.35749816699900455,3823437.144874729,0.29254961862221923,0.10442112777625517,0.04222661844689949,8,10.899148941040039,121.92082732381152,11.041776456884623,11.223445892333984,13.07466745376587,13.157473993301391,13.169641494750977,16,75.71340985393776,3.0832366943359375,0.2076248675584793,1.813429985135343e-13,837.8496766090393,0.0021998887708131734,842.761754989624,0.008075506490902894,853.936767578125,0.021442577799607475,2650.3613460097563,932.4774781884224,0.03854420580839794,2238.1174364424246,0.8909442572364086,coding,8,39.93007802963257
Java: reverse a string.,31360,23,-2,635.5443852458919,574.2558235255478,0.9035652534375982,4.692025134260975,3.062263994563565,0.503630668292076,1895187.147224565,0.2806296491835267,0.08916390599104115,0.010534363261686507,8,7.611726701259613,60.43326362323231,7.7738834325729576,7.638123035430908,9.625586032867432,10.244726514816284,10.348322868347168,16,81.75378377592435,1.3038713932037354,0.42755988240242004,2.575935968231081e-13,639.2882019281387,0.005890724187262412,652.1562933921814,0.02613807710670325,861.6230964660645,0.3557245040135196,649.7015285866821,392.2244139612461,1.405915444901777e-06,241.13637787196765,0.4804424279027322,coding,9,42.64460301399231
Ruby: split on commas.,31360,23,-2,865.3035344595205,607.4220068666478,0.7019756451660059,3.2808164036800425,2.6619193137009773,0.570839326140866,2456511.9605581164,0.2940469718377425,0.09480357663168495,0.035272134778328953,8,8.676070988178253,78.33265180351137,8.850573529637012,8.08751630783081,10.893316268920898,12.898565864562988,13.243973731994629,16,97.76807475378506,1.6160295009613037,0.46158069372177124,2.26074970811557e-13,866.2010729312897,0.001037252751232294,870.1761364936829,0.0056310899471892694,798.8984107971191,0.07674199979303073,1503.5901526678535,825.7075103862569,0.00046361772726839404,1270.2815508339786,0.900078522321623,coding,10,39.41730308532715
JavaScript: merge overlapping intervals.,31360,23,-2,645.6287527343692,566.1994838441266,0.876973773931467,5.75284770931258,3.2166399115563973,0.4183691754608475,2397996.825698712,0.2813141153225002,0.09427947426903795,0.00044044642833353595,8,8.52305144071579,76.46673551335178,8.744526031372528,7.97467565536499,10.932892799377441,13.800281047821043,14.243898391723633,16,73.83233241206996,2.290013074874878,0.3643847107887268,2.284075445330027e-13,646.3177502155304,0.0010671728578430925,659.4203114509583,0.021361438223094907,777.684736251831,0.20453857260566183,1601.8154169189484,1262.989842188089,0.0055384799041909615,710.4700771636711,0.4630391988124607,coding,11,43.02254009246826
JavaScript: flatten a list.,31360,23,-2,643.1018937340637,569.6000041342757,0.8857072412382236,5.152455426369103,3.097542661335561,0.45456161208225015,2130952.750830352,0.28114361642750374,0.09171285356676936,0.0007316647666472002,8,8.170901238918304,67.95129945249846,8.243257817907825,7.9347617626190186,9.95979928970337,10.452767086029052,10.45481014251709,16,78.01550163054438,2.0531599521636963,0.24332726001739502,2.4297349687323176e-13,645.6229835748672,0.003920202794249768,662.330150604248,0.029899238452772554,866.1674499511719,0.3468588078973225,2125.824390059406,1475.0211547075223,0.0005329824911036629,713.0129911470666,0.32976544369447425,coding,12,39.30319690704346
Python: square each element.,31360,23,-2,595.8308669753729,486.21199317226893,0.8160235062014073,4.318739681158964,3.1167343344485583,0.5235547454597579,1533214.8718505607,0.27782421071954155,0.08455627908377417,0.025948196320087512,8,6.9359005987644196,48.890780352377575,6.99219424446844,6.779387950897217,7.7957563400268555,9.248997592926024,9.494512557983398,16,85.21371777488197,1.468721866607666,0.38505563139915466,2.8607324746413573e-13,597.0752611756325,0.002088502407699141,590.520441532135,0.008912639034958581,519.6113109588623,0.12792146268525031,565.0321237967681,537.5079384957339,0.006236578201356433,355.9214951664446,0.6430768334526085,coding,13,44.575459718704224
Python: filter even numbers.,31360,23,-2,588.4441373761309,506.38932605007034,0.860556327926142,5.580508274475098,3.3417153314644557,0.44331655696904193,1932343.0841178116,0.27728182601956075,0.08958598659339076,0.0009115478494453143,8,7.647660255432129,61.61808303947103,7.849718659892916,7.152712821960449,10.552254676818848,11.208883285522461,11.21068286895752,16,74.96372327108134,1.4813026189804077,0.38153618574142456,2.5474320228662187e-13,591.1668390035629,0.0046269500441834775,611.5312576293945,0.03923417498253769,859.9321365356445,0.46136579823885504,976.0500940652187,578.0688519605707,3.4181914108924904e-05,269.1417118161705,0.22597185628036115,coding,14,41.28775215148926
JavaScript: round to two decimals.,32256,23,-2,719.3340394839175,633.0601672640921,0.8800642434748075,3.8488493147656295,3.104026598967626,0.6086721525746178,1991554.2101388758,0.28601416690535425,0.08962970762086937,0.0019417245599571973,8,7.6882004737854,61.742132010753835,7.857616178635467,7.2806501388549805,10.235708713531494,10.884929513931274,10.889819145202637,16,91.54609020477044,1.902875542640686,0.28932127356529236,2.545942431814946e-13,720.5308973789215,0.001663841594181544,734.278678894043,0.02077565997133594,849.149227142334,0.1804657927095338,1622.49550651908,796.2497368733145,0.006539783944382375,769.8437009571895,0.28232513214257754,coding,15,41.40504479408264
C++: split on commas.,32256,23,-2,582.211472672764,528.7162697478784,0.908117229845531,5.811435630908124,3.1786429855405185,0.4198561741956439,1969903.4917719825,0.27681885812355655,0.08939208172032428,0.024726795929862072,8,7.730212152004242,61.07091678360561,7.814788339015051,7.504915475845337,9.34848928451538,9.958020639419555,10.04002571105957,16,74.50124653613707,1.5296688079833984,0.40397900342941284,2.5611326508923866e-13,583.4553390741348,0.0021364512033069456,578.8004398345947,0.005858752357644542,537.4020576477051,0.0769641567167198,1035.6100539285906,359.2842640689317,0.0002892829783421232,235.30465491318546,0.3347449652445844,coding,16,41.18074011802673
TypeScript: find the average.,32256,23,-2,758.5926293643668,497.3023306668201,0.6555591386163542,4.378197374166514,2.8145014805294677,0.44162037289822786,2519489.620619015,0.2883245614393362,0.0947414686096503,0.00316529052012989,8,8.739641904830933,78.10917722653195,8.83793964827391,8.469009399414062,10.392940521240234,11.922950553894042,12.088401794433594,16,85.83365123028845,1.7310140132904053,0.3143357038497925,2.260337777153847e-13,759.1713219881058,0.0007628503116671572,768.6452865600586,0.013251720101887961,863.1815910339355,0.13787236735638325,893.3758817556426,436.6662062828612,3.644393017667874e-05,310.5470799456071,0.4640941103931675,coding,17,38.7218759059906
JavaScript: compute the moving maximum.,32256,23,-2,588.0123877657236,492.1118942285424,0.8369073585310403,5.545157977331861,3.337175681522941,0.4409792891806305,1917285.882496247,0.2772499137089344,0.0888035171658105,0.021430982023636847,8,7.6407022178173065,59.43966649603941,7.7097124781693,7.833675146102905,8.503705501556396,9.718796730041504,9.920307159423828,16,76.269042383961,2.0551211833953857,0.29638671875,2.5970075896761e-13,588.669441640377,0.0011174150210509501,591.6264653205872,0.006146260912284535,626.1507987976074,0.0648598768076956,1676.782605839939,673.8377592467448,0.020655334710089818,479.12947548313804,0.3965984287809411,coding,18,39.95475792884827
Write Ruby code to count vowels.,32256,23,-2,718.9276626809393,415.9700315353997,0.5785978939580837,3.558609190965261,2.4827650267760975,0.48276012816176833,1839292.0142743988,0.28598959758379777,0.08790069411431388,0.00035419092310904113,8,7.370398759841919,57.02170183142357,7.551271537391804,7.007258892059326,9.590604782104492,10.50684471130371,10.55811882019043,16,95.20617277777836,0.905369758605957,0.7091766595840454,2.6489507629096943e-13,714.6976143121719,0.00588383030497557,676.5558123588562,0.05893757122110866,434.12866592407227,0.39614416239712935,410.6484495477451,227.94780864953006,3.6508282599085156e-06,223.08204892448833,0.6717268132294618,coding,19,43.00727701187134
6 km in metres?,30464,23,-2,603.3016807507311,424.33991482986073,0.7033627260938902,4.180421465293584,2.93976734302401,0.4827266590535793,1521560.1991787665,0.2783659726683238,0.08502056251354752,0.00787025518918085,8,7.0026423037052155,49.94617250455509,7.06726060822403,7.067185640335083,8.07232117652893,8.724751424789428,8.810946464538574,16,85.36570450629705,1.0446345806121826,0.6453697085380554,2.8268419146535664e-13,605.531819164753,0.003696555944029148,616.319477558136,0.0215775908185867,753.0287742614746,0.24817947353375056,1509.85009900985,314.2948774234582,0.0016956717417251708,164.76765755301574,0.029633916579585275,reasoning,0,37.58857202529907
5 km in metres?,30464,23,-2,601.8968891096665,426.93462500142044,0.7093152211385355,4.067347550196301,2.979425436353728,0.5043727396303326,1473518.121880848,0.2782646152213003,0.08432309656567566,0.009973173074246026,8,6.869594693183899,48.36916103863078,6.95479410469,6.8449907302856445,8.15897011756897,8.984000444412231,9.052562713623047,16,86.54417083371135,0.9044183492660522,0.7580461502075195,2.877881296547291e-13,603.9325147867203,0.003382017275525179,611.8091940879822,0.01646844361162599,716.9793605804443,0.19119964491095653,1092.1608268741847,264.92236927507923,0.0035871154578357546,168.29597169126848,0.10685481592236365,reasoning,1,38.27256679534912
2 km in metres?,30464,23,-2,595.6320336703169,414.5632056769027,0.6960055575291024,4.171554436514178,2.8902810187969785,0.4760514498743724,1479973.735588544,0.2778096992708303,0.0844181296036479,0.009056866338733068,8,6.855209052562714,48.58107062725,6.970012240107617,6.5273027420043945,8.38560152053833,10.027876853942871,10.199518203735352,16,85.45638273671595,0.889126181602478,0.7729538679122925,2.8694168002951914e-13,594.1346287727356,0.0025139764366839236,583.0154418945312,0.021181855680329188,489.66078758239746,0.17791394703021376,921.3055491900129,270.16507475919923,0.00018602332128025482,214.7388270087483,0.19042080143233236,reasoning,2,38.16774821281433
3 km in metres?,30464,23,-2,608.7789419204108,418.92912316872867,0.6881465410863324,3.6384653033178376,2.8573268957147087,0.5395960860089435,1348458.175757652,0.27875892245488726,0.08239503191539288,0.002340281951687116,8,6.578508585691452,44.26398948784309,6.653118779027103,6.406289577484131,7.896252155303955,8.138702917099,8.152713775634766,16,91.50279171918558,0.8323606252670288,0.7753463387489319,3.0067517356087353e-13,612.9629537463188,0.006872793288002692,622.2005486488342,0.02204676575389505,767.7248954772949,0.2610897693922924,988.584808936015,268.9800881954207,0.006285284535582037,179.22137348561762,0.04843152912796905,reasoning,3,37.08563685417175
9 km in metres?,30464,23,-2,620.5916047681477,434.25524884028835,0.6997439950908213,4.321977344783504,2.8706366442198186,0.4572998439917036,1664540.1629926339,0.2795944880138034,0.08697301146257679,0.020315153552745706,8,7.316559761762619,54.63957993016787,7.391859030728865,7.414339542388916,8.714275360107422,8.992281532287597,9.033442497253418,16,83.95609307322938,1.0659900903701782,0.6500042676925659,2.7083711025009007e-13,623.2744827866554,0.004323097505500478,630.704939365387,0.016296280064918976,734.4831466674805,0.18352091943280852,1340.5667791202775,282.01322265247956,0.0014925117449022586,198.75181133501545,0.14093321235543402,reasoning,4,36.16229605674744
17 km in metres?,31360,23,-2,605.9846908108965,428.608604325273,0.7072927927465148,4.267664399921971,2.8748974130831115,0.464570364975341,1567160.8191785926,0.27855890100269215,0.08503234065894569,0.035115207967191045,8,6.891625463962555,49.97324040748063,7.069175369693458,6.3513898849487305,8.730864524841309,11.258735370635986,11.649439811706543,16,85.72211879319784,0.912356972694397,0.676360547542572,2.8293756107471995e-13,605.5721640586853,0.0006807544125564799,596.660852432251,0.015386260610262015,527.5836944580078,0.12937784987270307,938.5865102363338,194.8760513703306,7.174847696702811e-05,70.68642405991187,0.005934535486749881,reasoning,5,37.881263971328735
57 mod 7?,31360,23,-2,791.1539370489504,617.7631764734494,0.7808381498773055,4.354989713397573,3.356452306122842,0.5526855791834384,2725894.9857935607,0.29015185041368724,0.09706562810534196,0.041327404606227795,8,9.165270149707794,86.9226717408661,9.323232901781768,9.16041898727417,11.321287631988525,13.168798303604126,13.473846435546875,16,84.85832601024777,1.3579869270324707,0.5186968445777893,2.1446130229267864e-13,792.185589671135,0.0013039846910610849,803.0105233192444,0.014986446650976301,835.8670234680176,0.056516291362777624,3266.3686405418557,561.2334626067241,0.0011725261169785502,453.006066382618,0.15498418414530385,reasoning,6,37.76505923271179
30 km in metres?,31360,23,-2,627.8750612832246,441.97880396894027,0.7039279487636313,3.5385727993652054,2.8355710495546083,0.5540328564870123,1395001.2665814166,0.2801017912901907,0.08250255231992472,0.002636407682338326,8,6.537998378276825,44.483458755784966,6.669592098156001,6.1590352058410645,8.40776252746582,9.475452709197997,9.592977523803711,16,94.1399491967019,0.9496473670005798,0.7257900834083557,3.000748671685838e-13,630.3069740533829,0.003873243134052913,637.0458006858826,0.014605994039507183,737.0893478393555,0.17394270499121778,1046.7506597765432,215.8535314500323,0.006905848901886811,139.57746637431543,0.023542861545852584,reasoning,7,38.16602277755737
26 mod 3?,31360,23,-2,737.8999698788626,675.7529573725972,0.9157785403942098,5.086737536389754,3.39816472645249,0.5292634483961649,2769710.1010568733,0.28712209883670614,0.09741227699052456,0.013398736333031023,8,9.178763389587402,88.3198374061503,9.397863449005326,8.639356136322021,11.4501051902771,13.351582288742065,13.636865615844727,16,78.51784332500424,1.4929745197296143,0.515052318572998,2.12582460730378e-13,740.3513044118881,0.003322041784915519,751.4728307723999,0.01839390357444443,792.279863357544,0.0736954813639693,2680.284467354457,733.9493223938819,0.09911976748413608,457.5416717126718,0.3102579982829207,reasoning,8,39.97839164733887
33 km in metres?,31360,23,-2,624.4275343966581,418.53547059779896,0.6702706840149204,3.924370566348157,2.731766952885133,0.47936153113650093,1530150.3296071736,0.27986240369726717,0.08451278410267031,0.008432707423118814,8,6.927006423473358,48.793058979820586,6.98520285888825,6.585306167602539,8.19104814529419,8.612597894668578,8.668636322021484,16,89.39289910557461,0.8562619090080261,0.7241944670677185,2.8624118330003394e-13,628.708004951477,0.006855031719501122,639.2401456832886,0.023721906018995296,804.1021347045898,0.2877429171689856,1075.8223145696795,185.2023623482622,4.4859643143172276e-05,102.57513920747282,0.04625520746742568,reasoning,9,41.19078183174133
48 mod 4?,31360,23,-2,757.4238429958205,626.2965084403731,0.8268772025490995,3.6903058430245674,3.383441834695886,0.6675278096268336,2117094.798946552,0.28825752152304635,0.09157101857613092,0.002404122042949218,8,8.146584063768387,67.50940047661199,8.21641043744846,8.160288333892822,9.408447265625,9.739944982528687,9.780832290649414,16,92.18427545240063,1.569280743598938,0.47222256660461426,2.431614963907011e-13,759.3907415866852,0.0025968268744816646,770.3226208686829,0.01702980173141126,799.279260635376,0.05526023246641634,2318.894514337859,711.6551558213381,3.811562277776288e-05,446.78230778675515,0.18145421679836365,reasoning,10,37.78615593910217
13 km in metres?,31360,23,-2,604.6160397560651,430.93798320838715,0.7127465281639735,3.6573152341915214,2.8947422999016297,0.5462073779188571,1336970.18876051,0.2784605918055279,0.08157887139692646,0.0019957206695653987,8,6.423427164554596,42.632977957924425,6.52939338360957,6.100274324417114,7.536689519882202,9.756279730796813,10.123950004577637,16,92.59911361348082,0.8855056166648865,0.6949584484100342,3.063258895368357e-13,604.5791506767273,6.101240607625027e-05,593.7563180923462,0.017961352246130116,515.4381275177002,0.14749511487380315,950.9154599274289,201.09900464898055,0.001436543574703997,65.54184471106308,0.014167930366626846,reasoning,11,37.7205069065094
11 mod 4?,31360,23,-2,726.203671186498,618.8698718496802,0.8521987651736147,5.103989603281864,3.6045392489239148,0.5232857978573094,2691700.0415807236,0.28642741366545726,0.09679119702635992,0.0013700721623522713,8,9.098944962024689,85.8322717340792,9.264570779808377,8.72831392288208,11.566882610321045,12.561702251434326,12.696961402893066,16,78.38503136800904,1.3530945777893066,0.4811994731426239,2.1611591814577017e-13,729.6670973300934,0.004769221474654202,747.879147529602,0.029847654594873946,849.4491577148438,0.16971201250880844,2033.1497438099939,606.0092974690041,5.944222130042717e-05,153.9112738812164,0.04043245862834036,reasoning,12,37.7527642250061
37 km in metres?,31360,23,-2,613.789131717424,416.90040176510456,0.6792241508066265,4.075662492860293,2.74589057955726,0.46473238285952095,1535453.2608615737,0.27911527980327444,0.084587993584789,0.005276614961824737,8,6.918431639671326,48.962157552983854,6.997296445984253,6.572798490524292,8.130676984786987,9.703432178497314,9.920003890991211,16,87.71804031106753,0.8406019806861877,0.7413449287414551,2.858107954820037e-13,616.0896271467209,0.0037480224240203936,627.8941631317139,0.02298025606094235,784.9708080291748,0.2788932997767043,1041.6886039781286,176.09904983595857,0.0022829748869485477,91.43502352130675,0.03510172670850916,reasoning,13,37.749735832214355
12 mod 7?,31360,23,-2,811.6179634442004,647.1504363553735,0.7973584438780906,5.035845264721185,3.3064140972169835,0.4773700451811459,3317230.718997371,0.29126216265556903,0.10133374777330655,0.018356501363468114,8,10.038259118795395,105.77904078435493,10.28489381492852,9.43603229522705,12.89515733718872,14.78690390586853,14.897231101989746,16,78.9135967807522,1.1505763530731201,0.5800482630729675,1.9439028302234157e-13,816.8637752532959,0.0064634003254859206,834.3495726585388,0.028007769958508545,921.721363067627,0.13565914578355204,3187.11328532717,439.1274126490942,0.014096210942261388,686.9080688128347,0.42060749929073116,reasoning,14,38.49732708930969
Thursday + 4 days = ?,32256,23,-2,716.0350132566126,530.947643887121,0.7415107279074343,4.2948577249480655,3.019378189149726,0.4905923365181807,2201999.9269066365,0.2858143072591917,0.09181341764434035,9.074756041547743e-05,8,8.114056259393692,68.26636678157975,8.262346324233798,8.033170700073242,10.409082889556885,11.488245391845703,11.548985481262207,16,86.6624303990219,1.0215669870376587,0.777164101600647,2.4207572361959875e-13,716.4348661899567,0.0005584265097951994,725.0357270240784,0.01257021458563796,752.5693893432617,0.05102316983143932,1431.1095597844771,323.52506800624286,5.143633076143467e-05,210.29452044887876,0.24834714851457473,reasoning,15,36.67829918861389
54 + 82?,32256,23,-2,714.585792393632,583.5216227992803,0.816587215993576,4.4191394621363305,3.15211169772383,0.5164096513419636,2256557.798827595,0.28572622015177324,0.09234547306219289,0.00017390667179276146,8,8.148846358060837,69.95776906087535,8.364076103245077,8.088442325592041,10.699961185455322,11.0483877658844,11.06214427947998,16,85.43511364229494,0.8083187937736511,0.8306363224983215,2.3911253584806744e-13,713.2972031831741,0.0018032673251752059,717.7504301071167,0.004428632289041424,737.3330116271973,0.031832733697894244,1509.7170924916572,184.55077600602624,1.883048999995734e-05,690.5306649861157,0.6458397481382939,reasoning,16,38.05757117271423
5% of 34?,32256,23,-2,798.5517026907783,642.3572073147443,0.8044027771154629,2.794196613735083,3.005726400869915,0.7748934914972824,1781816.7699003667,0.2905565093620949,0.08721053712104747,0.019996022340516784,8,7.344752907752991,55.2398552176453,7.432351930421843,7.253253221511841,8.788859844207764,9.603469276428223,9.722107887268066,16,107.44266554737094,0.9971179366111755,0.6213294863700867,2.691314721704523e-13,797.8444546461105,0.0008856634357983297,801.5390634536743,0.0037409735059482385,822.0772743225098,0.02946029862870538,2633.5180708395205,1899.367555258597,0.0031420731373160214,1519.0067631857578,0.2650467392471769,reasoning,17,38.80039310455322
Thursday + 3 days = ?,32256,23,-2,712.7432192269067,546.9881354668411,0.7674406724768894,5.677477996040466,3.063988066067968,0.3801736834445891,2884175.267109784,0.285613965835265,0.09768022165954039,0.0003284240411685175,8,9.209098845720291,89.41515585037773,9.455958748343699,8.316234111785889,11.984241008758545,13.995928049087524,14.338258743286133,16,75.37503474744696,1.0160776376724243,0.8040645122528076,2.1162968127890227e-13,713.6382907629013,0.001255812067865686,721.866250038147,0.012799884397547475,750.841474533081,0.053452988788161925,1217.6071732879636,313.0767495786363,0.0012847089003071657,234.01473196836287,0.2818027595087236,reasoning,18,38.66634821891785
19 + 77?,32256,23,-2,740.8369696546785,586.9475851159486,0.7922763160557955,3.7783797482471133,3.0944387377502225,0.5833603423710341,2073723.7329697493,0.28729480813600733,0.09050863266381307,0.00042854709202723646,8,7.899024605751038,64.28955025327843,8.018076468410515,7.839952230453491,9.822469234466553,10.392679023742676,10.445783615112305,16,92.39584737977036,0.5368684530258179,0.8905592560768127,2.4950666916381877e-13,741.579607129097,0.001002430365704737,743.980348110199,0.004243009709660841,758.878755569458,0.02435324727812818,1079.4602374849358,127.51278978963121,0.0022655345766074103,497.1553350768128,0.6400507349646487,reasoning,19,38.100273847579956
Capital of Westeros?,30464,23,-2,1142.3206920770137,505.70800412657,0.44270230560830587,2.874703421666382,1.8799201785710833,0.49167231066194866,3751190.6161501487,0.30612248552060844,0.10463658494790955,0.003125614109955931,8,10.742229640483856,123.13519617089511,11.096629946560132,9.930111408233643,14.950208187103271,16.724445343017578,16.91391372680664,16,102.94302843098966,2.230098247528076,0.4772617220878601,1.800577324187307e-13,1145.9828913211823,0.0032059291839577407,1177.8455972671509,0.031098889687049512,1386.9184494018555,0.2141235460596481,4885.066716398054,1241.6347485719668,0.0004146326684326728,3003.4522978192153,0.7226427976028416,hallucination_prone,0,37.24865198135376
airport code of Atlantis?,30464,23,-2,906.7810480458378,500.5817800068027,0.5520426139094801,3.9603340177095276,2.5968469804292664,0.4461683208294854,3256392.048302598,0.29608265298251535,0.10156151020044288,0.0030778074860938116,8,10.219377219676971,106.89312133346237,10.338912966722487,9.589891910552979,12.68398380279541,13.545026779174805,13.651883125305176,16,87.7056467120263,1.6299351453781128,0.6221715807914734,1.9355025256069585e-13,908.0279618501663,0.0013750991013935434,895.797610282898,0.012112557696932168,781.2453269958496,0.13844105070405288,3854.3431763975086,1534.3520284323056,0.011367902828416198,2090.5805963095786,0.5805501964044895,hallucination_prone,1,37.56937599182129
constitutional article of Atlantis?,30464,23,-2,689.8222865947737,535.744279996467,0.7766410137908193,6.3120064087588785,3.238980065810758,0.36165471957440287,3003598.4657054907,0.2841927829894958,0.09980479736517679,0.0005162218021802196,8,9.745555251836777,98.59501266102582,9.929502135607093,9.648792266845703,11.73597526550293,13.67190408706665,14.003000259399414,16,69.47199136208538,1.842234492301941,0.47750982642173767,2.0125743371173065e-13,691.2597268819809,0.0020837834832837334,696.5300440788269,0.009723892101493648,743.1505680084229,0.07730727529389904,796.3274933560865,551.4451376572397,2.9680734885698117e-06,554.1469827389692,0.5870234302301338,hallucination_prone,2,37.72397017478943
official GDP of Atlantis?,30464,23,-2,650.7208973365108,549.6187684798747,0.8446305792998784,5.55366544023992,3.1708193109312126,0.4223570419053879,2351631.244113115,0.2816556878760077,0.09448519248156897,0.004657498556849059,8,8.709751665592194,77.19377770854501,8.785998959056677,8.527056694030762,10.28834581375122,11.303100395202637,11.360762596130371,16,74.06339340225718,1.7612853050231934,0.4443244934082031,2.276478210256918e-13,653.0316919088364,0.0035511301109030853,657.1937203407288,0.00994715711561146,693.268632888794,0.0653855373731453,570.12727261363,300.5434154430071,0.00727753193389144,371.89149938397406,0.7249923776308873,hallucination_prone,3,38.07268786430359
public debt of Atlantis?,30464,23,-2,743.5326467670734,670.1194023462853,0.9012642622486121,5.908608067029717,3.475256015379635,0.4465889221089493,3266519.5918055414,0.28745272497863505,0.10162901507502989,0.0008627035762704261,8,10.242598056793213,107.22556433185207,10.354977756221984,9.874349117279053,12.679674625396729,13.374317598342895,13.487733840942383,16,71.80436928705481,2.3420159816741943,0.32856470346450806,1.9315793284992106e-13,744.4649189710617,0.0012538416544880463,749.7794032096863,0.00840145549731294,766.0647869110107,0.03030417055916572,1865.0170357506786,542.29929227197,0.003389940101587631,1175.0138003929994,0.7599150614760358,hallucination_prone,4,38.52316999435425
official census population of Atlantis?,31360,23,-2,669.7409314844134,556.4225234256643,0.8308026242212924,4.4403588368202715,2.9362451600174744,0.486354979541615,1991735.9012587592,0.28290830296447245,0.09024410117790241,0.013162490515410128,8,7.853488713502884,63.51198664728186,7.9694407989069,7.450372695922852,9.711589336395264,10.51382131576538,10.565099716186523,16,84.03863563127189,1.7816364765167236,0.3842047154903412,2.5111739573712765e-13,671.8815863132477,0.0031962430966996783,705.0842046737671,0.05277155916246423,985.4816436767578,0.4714370846239551,664.7402073534415,310.97143270310386,0.0004962150510382599,507.95015920449566,0.8327599792769357,hallucination_prone,5,41.02889394760132
ISO country code of Atlantis?,31360,23,-2,828.3709219665786,481.12616220670424,0.5808100567611608,4.729240913696049,2.582675409623851,0.3733937085445382,3245197.474226302,0.2921504794549881,0.10085648449408188,0.0016258772295574045,8,10.021529227495193,103.48206231588973,10.172613347409294,10.110543727874756,12.166489601135254,13.879212427139281,14.096351623535156,16,81.43147622704663,2.5545413494110107,0.3157070577144623,1.9668204212472403e-13,829.7447115182877,0.0016584231957920523,824.0642547607422,0.005198959900248887,758.7289333343506,0.08407102034303146,4465.055530789991,598.4884495615719,0.00047208439988469594,3560.800906537688,0.8838402507279937,hallucination_prone,6,41.47712588310242
central bank rate of Atlantis?,31360,23,-2,910.3190550824969,634.4161176128988,0.6969162230218334,3.1247630054955597,2.6058074349033995,0.5893218975208171,2589431.051103376,0.29625196295836287,0.09594913616720514,0.006720594322486104,8,8.939525336027145,82.57114321120459,9.086866523241364,8.572824478149414,10.743674278259277,12.29651346206665,12.501845359802246,16,100.17964418802512,1.6798079013824463,0.45049065351486206,2.1985279958706625e-13,909.2195332050323,0.0012078423178397701,895.1160311698914,0.0167007642295566,704.6606540679932,0.22591903340512398,898.9842596731357,381.5446674947358,0.0005909677691694489,272.12179577306733,0.280595772704914,hallucination_prone,7,42.86812782287598
UN seat number of Atlantis?,31360,23,-2,888.4297063167986,659.3277786133588,0.7421271192593971,4.97960835949564,3.1690695889237412,0.4394244329937155,3930441.4437435083,0.29519371867211014,0.10502117021141812,0.0007691771372585908,8,11.050521194934845,125.33295420100472,11.195220149733757,10.72627878189087,13.058160305023193,15.111360025405883,15.448928833007812,16,79.35794869901221,2.1956939697265625,0.3144136667251587,1.783554006229225e-13,889.3827348947525,0.0010727112918194708,899.6559977531433,0.012636105430204493,923.9788055419922,0.04001340676976119,3134.5287815263005,726.8982320858311,0.024132918736618124,2719.299577126596,0.9293985511576417,hallucination_prone,8,43.16865110397339
airport code of Neverland?,31360,23,-2,1024.5012840272145,639.7867636440474,0.624486053476778,3.62072894657607,2.8563028630221075,0.5312880319535532,3800327.533550068,0.3013896183043054,0.10428933346863832,6.826237793136024e-05,8,10.887389719486237,121.18391369738737,11.00835653934716,11.099017143249512,12.279112815856934,14.75157709121704,15.182161331176758,16,93.06577965250737,2.5764739513397217,0.4493909776210785,1.8187291231777914e-13,1024.9318182468414,0.00042023785264037764,1021.6623544692993,0.0027710356269692996,938.5282516479492,0.08391695912894676,4262.776112350449,1090.2362018594156,0.001588575627547928,3185.459197821081,0.8465621266099517,hallucination_prone,9,40.68139028549194
Capital of the planet Vulcan?,31360,23,-2,1020.6032154314142,568.5969554539134,0.5571185225137313,3.211251030896188,2.3538930952462107,0.5131484463424267,3344938.3764176373,0.30122387474588674,0.10151457291988715,0.016723446773846844,8,10.167393952608109,106.66257577862363,10.327757538721736,10.117393016815186,12.29721736907959,13.955536556243896,14.207487106323242,16,98.82137643189049,2.908954620361328,0.3285691738128662,1.9371431317666083e-13,1024.6442258358002,0.003959433346168491,1031.888484954834,0.011057450488875239,984.9747657775879,0.0349092077264973,5542.483700459321,2901.7518870810436,0.0005207177509620283,4765.885949667454,0.8792092465532941,hallucination_prone,10,37.95334815979004
constitutional article of Eldoria?,31360,23,-2,774.8496359199657,504.7669647566656,0.6514386035135239,4.931090545903157,3.025648675766532,0.41235016575826205,2960587.1093369424,0.28924647792876534,0.09886107999818615,0.00016752799006537593,8,9.562702625989914,94.40647670079535,9.716299537416257,9.321287631988525,12.057178497314453,12.205254507064819,12.222516059875488,16,79.74740104872609,2.1721384525299072,0.3344341516494751,2.0579171696238591e-13,777.3742824792862,0.003258240621514872,786.4217162132263,0.014934614093896063,823.6367225646973,0.06296329556483224,3042.5034021325855,393.1383348503085,0.015064701626655621,2497.3973286191735,0.9009764536278062,hallucination_prone,11,188.33056092262268
public debt of Neverland?,31360,23,-2,813.711342103819,582.6703009229833,0.7160651090551488,4.5326877685429725,3.288871323599886,0.4975593430316597,3001211.0934886397,0.2913741602839625,0.09915734757681635,0.027365650906630592,8,9.690988510847092,95.70188435869387,9.782733992023594,10.086923122406006,11.109582424163818,11.315986728668213,11.343822479248047,16,83.1783162832803,2.3801093101501465,0.373055636882782,2.0467676114504157e-13,814.5530521869659,0.0010344086896598246,815.4086470603943,0.0020858809122495164,773.4543323516846,0.04947332999937231,1117.452452983145,577.7816066433562,0.009648726804378335,373.8053528657339,0.09100926725698014,hallucination_prone,12,99.41562819480896
Capital of the Moon Kingdom?,31360,23,-2,627.7822645057362,480.0182355433026,0.7646253529019786,5.08730295223054,3.155083257995269,0.4320161752910407,2004959.8745481363,0.2800953649469138,0.0903879593774788,0.01467035293085845,8,7.927222281694412,63.933669469009445,7.995853267100982,7.86210560798645,8.97644853591919,9.940300941467285,10.105816841125488,16,78.5134798669548,3.209336996078491,0.18402354419231415,2.5008141782269746e-13,629.2959302663803,0.002411131766896701,637.1907591819763,0.01498687555891308,716.5436744689941,0.1413888460725172,2486.3522521868526,822.2769229113679,0.0014771174650774891,2213.542776784232,0.9372645930273489,hallucination_prone,13,123.94242715835571
inflation rate of Atlantis?,31360,23,-2,780.454872979659,634.2963459319321,0.8127264854023956,4.1858376728040145,3.054606998871547,0.525884512148393,2549634.7843724107,0.2895598660953284,0.09561243936083288,0.0003311934458992757,8,8.883015394210815,81.30212960371207,9.016769355135578,8.265079975128174,10.210917949676514,12.860012912750243,13.270820617675781,16,86.55593175787043,1.7741851806640625,0.47523263096809387,2.2167018053090086e-13,781.8575948476791,0.0017973132292259408,788.7718677520752,0.010656599196649524,744.15602684021,0.04650985905292054,648.1635245926585,488.748164717122,0.010135384396723958,212.5790581311571,0.12196983200960587,hallucination_prone,14,1139.381828069687
inflation rate of Westeros?,32256,23,-2,677.5926615971512,451.44719092410844,0.6662515940771897,3.978155986734884,2.813195453139599,0.4827391806736407,1826497.9787428498,0.2834150570994262,0.08774894928602679,0.006134332022515299,8,7.44892019033432,56.62506134495442,7.524962547744302,7.47723650932312,9.195401668548584,9.264327716827392,9.269775390625,16,90.04598458768113,1.9923278093338013,0.3990117013454437,2.655031812211389e-13,680.3736090660095,0.004104158185986537,702.6147246360779,0.03692788375238195,913.1300926208496,0.3476091822903065,1057.6410970475981,596.778765642,9.270461616010278e-05,453.30183836696256,0.47313612996857923,hallucination_prone,15,2460.9489839076996
airport code of the planet Vulcan?,32256,23,-2,849.380095163959,557.8596602381461,0.6567844754243501,4.354014492940431,2.796351742997195,0.4386151685753553,3141188.717430261,0.29323942537429487,0.0995359240704992,0.005053649773595101,8,9.717824101448059,97.38308275763458,9.86828671845496,10.213537693023682,11.371111869812012,12.020747470855712,12.134052276611328,16,86.07168796336484,1.906097412109375,0.6403356194496155,2.0268733225408212e-13,852.8974652290344,0.0041411025347802876,865.1328682899475,0.018546200005955693,920.0821876525879,0.08323963899222396,2856.264390564523,893.5963458515027,6.560039926404814e-06,1943.774872307278,0.78635617256074,hallucination_prone,16,90.58331871032715
internet domain of the planet Vulcan?,32256,23,-2,785.556282602981,522.988691548983,0.6657558511479692,3.772326546588601,2.7948458066954265,0.5063605311520595,2327897.706539362,0.28984313509017534,0.09302210423797962,0.017594227992136422,8,8.380085438489914,72.16944774737605,8.495260310748344,8.185077667236328,9.862031936645508,11.187886190414428,11.410809516906738,16,92.46994840275697,2.3349411487579346,0.4047170579433441,2.3549221758934287e-13,787.0165258646011,0.0018588652321403739,809.2426657676697,0.03015236933272634,977.4614334106445,0.24429204508654137,3124.928977790653,813.8824546383286,1.2845075396751566e-05,692.7026641351745,0.1369838736426475,hallucination_prone,17,137.10144305229187
constitutional article of the planet Vulcan?,32256,23,-2,708.6145999253611,479.6825077565519,0.6769300375790684,5.1584630306367165,3.0551163134587602,0.4027957728726931,2590243.034758099,0.2853613824400733,0.09534354160122448,0.006669198745993954,8,8.855522155761719,80.30267344860178,8.961175896532875,8.455629348754883,10.842319011688232,12.200129270553589,12.379551887512207,16,79.07607306307295,2.1528093814849854,0.3213951885700226,2.2340927598365065e-13,710.4919105768204,0.0026492689420413392,732.305645942688,0.03343290699884294,926.8437385559082,0.3079659079188223,1509.0640592672917,842.2328250785782,1.653837031611074e-05,854.4750369577528,0.509626406187534,hallucination_prone,18,101.83190393447876
What is the capital of Atlantis?,32256,23,-2,1001.0821487110891,678.8070336322367,0.6780732575305752,4.073983801239657,2.7568378430297935,0.46635893405832807,4082805.884700429,0.3003842105474949,0.10523555816127807,0.00011772966246349569,8,10.966775685548782,126.5750832310401,11.25055924081288,10.61787748336792,13.889799118041992,17.29645524024963,17.890472412109375,16,88.98065663077826,2.277277946472168,0.3232930898666382,1.7758997677619001e-13,994.3559765815735,0.006718901279156408,948.1249451637268,0.052899957926075845,629.1549682617188,0.37152513500338885,2233.2861959527827,1959.5396446936168,7.581104187744189e-06,1479.2882579097468,0.3723992447107821,hallucination_prone,19,98.91268610954285
